model,jit,fps,single_fps,single_realtime_factor,solver,iterations,ls_iterations,batch_size,unroll
g1_8dof_mjx_sphere,5.472939444000076,785845.6743308685,1534.8548326774776,30.69709665354956,newton,2,5,512,1
g1_8dof_mjx_sphere,5.709663571000419,1409756.5789015968,1376.7154090835909,27.53430818167181,newton,2,5,1024,1
g1_8dof_mjx_sphere,5.741560641999968,2491329.05269967,1216.4692640135108,24.329385280270216,newton,2,5,2048,1
g1_8dof_mjx_sphere,5.750629389000096,3861827.6533057136,942.8290169203402,18.856580338406804,newton,2,5,4096,1
g1_8dof_mjx_sphere,5.8433774190016265,5062686.8723595,618.0037685985718,12.360075371971435,newton,2,5,8192,1
g1_8dof_mjx_sphere,6.216712246998213,4941553.546210215,301.6084928106821,6.032169856213642,newton,2,5,16384,1
